{
    "Only_DENS_S": 2.7883,
    "Only_DENS_S_opt": 1.6760000000000002,
    "Only_DENS_M": 4.7366,
    "Only_DENS_M_opt": 2.6039,
    "Only_DENS_L": 5.633,
    "Only_DENS_L_opt": 3.1338,
    "Only_DENS_DO_S": 2.7982,
    "Only_DENS_DO_S_opt": 1.6818000000000002,
    "Only_DENS_DO_M": 4.7162,
    "Only_DENS_DO_M_opt": 2.6035999999999997,
    "Only_DENS_DO_L": 5.639,
    "Only_DENS_DO_L_opt": 3.1352,
    "Only_CONV_S": 161.5201,
    "Only_CONV_S_opt": 50.10659999999999,
    "Only_CONV_L": 423.06629999999996,
    "Only_CONV_L_opt": 119.60340000000001,
    "CONV_DENS_S": 104.80530000000002,
    "CONV_DENS_S_opt": 46.5179,
    "CONV_DENS_L": 312.3344,
    "CONV_DENS_L_opt": 121.3654,
    "CONV_DENS_DO_S": 104.79780000000001,
    "CONV_DENS_DO_S_opt": 46.541700000000006,
    "CONV_DENS_DO_L": 312.2921,
    "CONV_DENS_DO_L_opt": 121.4115,
    "baseline_linear": 0.5536000000000001,
    "baseline_linear_opt": 0.4447
}